drug,control_size,control_effsize,target_size,target_effsize,coef,robust_SE,stat,pval,logCI_low,logCI_up,unbal_vars,pval_FDR,HR,CI_low,CI_up,bal_percent,ATCcat,name
A01AA01,10000,9886,1615,1103,-0.247952315196968,0.0554121047684883,-4.47469584909132,7.65201594822827e-06,0.700081834144652,0.869926472264853,year_init,0.000344851486945787,0.780397155475445,2.01391750794389,2.38673535582727,96.551724137931,A,sodium fluoride
A02BA02,10000,9984,460,279,-0.252782281925399,0.0861981006622258,-2.93257368762621,0.00336165138167778,0.655912780941635,0.919581035286073,"",0.0668955303911522,0.776636951320033,1.9269005530048,2.50823930600483,100,A,ranitidine
A02BC01,10000,9994,239,122,-0.225097085587843,0.126115137463346,-1.78485382576112,0.0742850299409057,0.62358000076852,1.02232969923271,"",0.896257360350119,0.798438698106007,1.86559493228075,2.77966300528095,100,A,omeprazole
A02BC02,10000,9952,2384,2193,-0.215891622489595,0.0373385737262985,-5.78199971086568,7.38178349009033e-09,0.748956868756932,0.867006016523713,"",5.38613409809085e-07,0.80582263019167,2.11479285913137,2.37977516926016,100,A,pantoprazole
A02BC03,10000,9993,215,89,-0.324487796983578,0.139072379948217,-2.33322962549716,0.019636096746148,0.55042495539166,0.949413416848619,"",0.292114484464398,0.722897529126462,1.73398972960618,2.58419337035358,100,A,lansoprazole
A02BC05,10000,9970,1051,808,-0.283952508140957,0.0560869585958646,-5.06271895017487,4.13318950774915e-07,0.674434358387704,0.840276655746019,"",2.18384833421511e-05,0.752802395842516,1.96292235132809,2.3170079016688,100,A,esomeprazole
A03AX13,10000,9999,162,107,-0.0582345241163618,0.128157615486814,-0.454397687528399,0.649542616470194,0.733873333946198,1.21282189205787,"",1,0.943428664715803,2.08313367387211,3.36296118884897,100,A,silicones
A03FA01,10000,9922,1011,643,0.183931751079869,0.0600703084492851,3.06194117906279,0.0021990666142701,1.068436227628,1.35211142907662,"",0.0474586292149659,1.20193378961378,2.91082407281492,3.86557881563579,100,A,metoclopramide
A03FA03,10000,9993,165,26,-0.435388702931015,0.285313934299877,-1.5259987353909,0.127010179437343,0.369873679480389,1.13180797566186,"age_diagn, year_init, Hyperlipidemia, Reflux_Disease, Diabetes, Inflammation_Pain, Steroid_Responsive_Disease, Glaucoma",1,0.647013122296063,1.44755174762471,3.10125843428877,72.4137931034483,A,domperidone
A04AA01,10000,9991,438,303,0.491192246612588,0.0943716466767661,5.20487099578731,1.94131419104982e-07,1.35829089958087,1.96630721845277,"",1.10170981511305e-05,1.63426350403005,3.88954000338719,7.14424557835336,100,A,ondansetron
A04AD01,10000,9998,192,128,0.368577375876645,0.104452238685876,3.52866899277369,0.000417655182800234,1.17804319183002,1.77411197472058,"",0.0116356416899266,1.44567649678747,3.24801224345843,5.89504386327388,100,A,scopolamine
A06AB02,10000,9988,546,376,0.613016201024108,0.0723907831574388,8.46815263333858,2.49315478852608e-17,1.60180781090111,2.1273977704645,"",4.77523126292654e-15,1.84599088990808,4.96199466898637,8.39299786283872,100,A,bisacodyl
A06AB06,10000,9998,174,110,0.0530533266655778,0.133216236509397,0.398249703307264,0.690446131527224,0.812169920471019,1.36909830604428,"",1,1.0544858758357,2.25279106426272,3.93180381287634,100,A,senna glycosides
A06AB08,10000,9968,1289,1085,0.334905719641846,0.0498794084594593,6.71430816815016,1.88960584833556e-11,1.26762348460734,1.54136373040735,"",2.22721952693032e-09,1.39780859311507,3.5524001890059,4.67095585406156,100,A,sodium picosulfate
A06AB58,10000,9999,204,156,-0.425775499917202,0.152149598387818,-2.79840041925008,0.00513564025096248,0.484817264620788,0.880233763174559,"",0.0971504303194954,0.653262983253416,1.62387824172383,2.41146335186333,100,A,"sodium picosulfate, combinations"
A06AC01,10000,9999,182,119,-0.1408723458956,0.124645258275053,-1.13018616066998,0.258397790003645,0.680333225760399,1.10896580207134,year_init,1,0.868600184999499,1.97453558873999,3.03122188943239,96.551724137931,A,ispaghula (psylla seeds)
A06AD11,10000,9981,1145,1003,0.235793701917449,0.0504663785507212,4.67229289457464,2.97855797591493e-06,1.14669216286636,1.39752943202315,"",0.00013830162132014,1.26591312777616,3.14776338100883,4.04519368535579,100,A,lactulose
A06AD65,10000,9896,1871,1378,0.0646921458449885,0.0488901262360657,1.32321494799631,0.185763906380783,0.969348831371347,1.17411542285965,"",1,1.06683054560885,2.63622727182809,3.23527982312492,100,A,"macrogol, combinations"
A06AG04,10000,9999,104,61,0.96928528718375,0.157640988393409,6.14868821276861,7.81263821489593e-10,1.93540116894453,3.59037246179485,year_init,6.34872788207124e-08,2.63605976023003,6.92682232406415,36.2475742490795,96.551724137931,A,glycerol
A06AG10,10000,9998,190,139,0.455180768651082,0.126889671196821,3.58721686609969,0.000334226337717164,1.229345093277,2.02158115294381,"",0.00984855421613146,1.57645833152441,3.41898968359278,7.55025360636497,100,A,"docusate sodium, incl. combinations"
A06AG11,10000,9997,258,185,0.525345243482677,0.123462139282677,4.25511210590525,2.08944300267932e-05,1.32758817932882,2.15400002411789,"",0.000842523620815969,1.69104256903631,3.77193517706831,8.61926680917578,100,A,"sodium lauryl sulfoacetate, incl. combinations"
A07AA02,10000,9981,749,604,0.270785990945191,0.0608092189413556,4.45304175352649,8.4662283018145e-06,1.16369712305813,1.47693629311916,"",0.000370644094342574,1.31099447567216,3.20174868002788,4.37950757872322,100,A,nystatin
A07DA03,10000,9997,510,439,0.0281309513174842,0.0686125833387383,0.409996970651908,0.681808169764684,0.899112385258576,1.17657672719918,"",1,1.02853036300917,2.45742089980219,3.24325263913153,100,A,loperamide
A07EA06,10000,9999,109,63,-0.763252301546693,0.250100858608719,-3.05177801384839,0.00227490271728209,0.285520634676805,0.761044363749566,"",0.0477501920680399,0.466147905449527,1.33045452859945,2.14051052517839,100,A,budesonide
A10AB05,10000,9968,186,25,0.521567794941935,0.331295911464921,1.57432608400047,0.115412082474944,0.880064340696583,3.22488035275488,"sex, edu, year_init, Antiplatelets, Depression, Hypertension_prim, Reflux_Disease, Anticoagulants, Chronic_Airways_Disease, Inflammation_Pain, Steroid_Responsive_Disease",1,1.684666792417,2.41105483037405,25.1505647800011,62.0689655172414,A,insulin aspart
A10AC01,10000,9978,154,14,-0.0734419286261672,0.455838699528238,-0.161113851680813,0.872003730706219,0.380271669308782,2.27046692734975,"edu, edu, age_diagn, age_init, year_init, Pain_prim, Reflux_Disease, Anxiety, Epilepsy, Incontinence, Chronic_Airways_Disease, Inflammation_Pain, Benign_Prostatic_Hyperplasia",1,0.929190103570669,1.46268190124415,9.68392144636342,55.1724137931035,A,insulin (human)
A10BA02,10000,9973,362,182,-0.357051719265204,0.125132515957455,-2.85338879773345,0.00432556638410424,0.547547017735252,0.894226218765231,"",0.0838978909744806,0.699736306951107,1.72900658929051,2.44544281942004,100,A,metformin
A10BH01,10000,9987,100,5,0.103439862381318,0.488153954575255,0.211900080726215,0.832184987615078,0.425996432356863,2.88695996214569,"edu, edu, year_init, Pain_prim, Antiplatelets, Depression, Hypertension_prim, Reflux_Disease, Anxiety, IHD_Hypertension, Hypothyroidism, Anticoagulants, Incontinence, Inflammation_Pain, Dementia, Osteoporosis, Steroid_Responsive_Disease",1,1.10897909999746,1.53111531265047,17.9386923206017,41.3793103448276,A,sitagliptin
A11CC05,10000,9943,1391,1017,-0.193086157369463,0.0562809421486551,-3.43075559857303,0.000601902627202278,0.738307571984718,0.920555913389908,year_init,0.0153712838362148,0.824410942001062,2.09239129452597,2.51068572587026,96.551724137931,A,colecalciferol
A11GA01,10000,9997,150,64,0.384026663667956,0.172264828686252,2.22928073360458,0.0257952317319333,1.04748683387275,2.05784542177825,"",0.369394827183254,1.46818458834645,2.85047838298242,7.82908325287366,100,A,ascorbic acid (vit C)
A12BA01,10000,9985,435,258,0.350900685612754,0.081872691781122,4.28593072951418,1.81975689309965e-05,1.20977350774334,1.66757122713863,"",0.000753610260043286,1.42034625808898,3.35272520025067,5.29928140359651,100,A,potassium chloride
A12BA02,10000,9999,147,96,0.594586307310042,0.16205591285906,3.66901951814095,0.000243482491702061,1.31911697527971,2.48981910687324,"",0.00768551222312262,1.81228106243271,3.74011730265075,12.0590945158192,100,A,potassium citrate
A12CC30,10000,9999,233,194,0.145218084355621,0.102808029297515,1.41251695366494,0.157797802353345,0.945272578342941,1.41441797176211,year_init,1,1.15629171190585,2.57351476738311,4.11409125171795,96.551724137931,A,magnesium (different salts in combination)
B01AA03,4352,4289,436,206,-0.134874422687367,0.0934097407478922,-1.44390104937113,0.148766811423174,0.72763614950642,1.04938607740164,"age_diagn, age_init, year_init",1,0.873825637473619,2.07018122034643,2.85589727987909,89.6551724137931,B,warfarin
B01AB04,4445,4409,889,735,-0.0571803480483892,0.0628919109620333,-0.909184459077861,0.363252766149918,0.834897573224166,1.06831808902153,"",1,0.944423729030328,2.30457798570492,2.91048021242727,100,B,dalteparin
B01AB05,4530,4511,638,530,0.0404167176220374,0.0669375875121208,0.603797046236822,0.545978583505241,0.913219927348928,1.18721707790794,"",1,1.04124458876601,2.49233476393123,3.27794623332885,100,B,enoxaparin
B01AC04,4446,4395,700,438,-0.250029527983482,0.0773627274697661,-3.23191200932252,0.00122964914007051,0.669209785314338,0.906285076556076,age_diagn,0.0281216993700439,0.778777786994262,1.95269366359646,2.47511058679569,96.551724137931,B,clopidogrel
B01AC06,2571,2444,1517,1325,-0.141747689772925,0.0517863875716166,-2.73716118114821,0.00619719211470056,0.784077709484937,0.960550966952131,"",0.113044861740452,0.867840193821056,2.19038583677239,2.61313582835106,100,B,acetylsalicylic acid
B01AC07,4726,4716,219,92,-0.046215915136766,0.110715234108702,-0.417430496433675,0.676363552342076,0.768577568214966,1.18623207033948,year_init,1,0.954835776434945,2.15669631752237,3.27471902115516,96.551724137931,B,dipyridamole
B01AC24,3859,3854,112,23,-0.264532313692914,0.370547221606292,-0.713896362644924,0.475291266707378,0.371282696035965,1.58681187814497,"sex, edu, edu, IHD_Hypertension",1,0.76756484561212,1.44959280960955,4.88814007388249,86.2068965517241,B,ticagrelor
B01AC30,4724,4718,217,157,-0.0289924906474461,0.11210315321167,-0.258623328754218,0.795925881740953,0.779805590357849,1.21012741074409,"",1,0.971423759202703,2.18104820747752,3.35391194974445,100,B,combinations
B01AE07,4057,4050,159,83,-0.0152037543580447,0.136026017525145,-0.111770929081521,0.911005038289541,0.754417123561873,1.28582732125952,"age_diagn, age_init",1,0.984911239199692,2.12637175008126,3.61765968625443,93.1034482758621,B,dabigatran etexilate
B01AF01,4160,4144,376,271,-0.215489246063364,0.103705308627958,-2.07789985791788,0.0377185836249273,0.657870012884588,0.987843913357038,"",0.506973989510973,0.80614693946461,1.93067563747087,2.68543818854084,100,B,rivaroxaban
B01AF02,3473,3338,822,534,-0.256139217477189,0.0991655766389041,-2.58294487017284,0.00979609751865384,0.637309304945102,0.94009132069734,year_init,0.1686546216344,0.774034202202038,1.89138488653708,2.56021520829234,96.551724137931,B,apixaban
B03AA01,9383,9377,259,141,0.186196087984331,0.121075723179771,1.53784824153287,0.12408572504641,0.950176075575666,1.52729797514451,"age_diagn, year_init",1,1.20465845626778,2.58616497971684,4.60571523707716,93.1034482758621,B,ferrous glycine sulfate
B03AA07,8667,8623,866,565,0.243117328761365,0.0704670801730061,3.45008375775581,0.000560412650537212,1.11071548586015,1.46408469844708,"",0.014554291608262,1.27521823511745,3.03653021182119,4.3235840454576,100,B,ferrous sulfate
B03BA01,7006,6973,744,400,-0.0820874757569177,0.0786402516452473,-1.04383536470892,0.296561566607097,0.789607307107568,1.07470325885855,year_init,1,0.921191373259122,2.20253133800826,2.92912358008391,96.551724137931,B,cyanocobalamin
B03BA02,3002,2990,455,401,-0.0919845385674552,0.0643869062440091,-1.4286218104479,0.153112961928787,0.803980265195093,1.03480342252079,"",1,0.912119252106356,2.23441682408151,2.81455290352465,100,B,cyanocobalamin tannin complex
B03BA03,6145,6115,1483,1366,-0.14633720393285,0.0472193710782934,-3.09909260947613,0.00194114333301131,0.787505069676255,0.947632095235046,"",0.0424907814320872,0.863866354933175,2.1979059577131,2.57959418837659,100,B,hydroxocobalamin
B03BB01,6593,6582,859,787,-0.010205977961788,0.0555282250907933,-0.183798022448951,0.854171907567323,0.887772911253333,1.10365493855401,"",1,0.989845926303285,2.4297124359955,3.01516615632847,100,B,folic acid
C01AA05,10000,9992,173,47,0.21011683210082,0.19377204120844,1.08435061524071,0.278209371238178,0.843943786836526,1.8038135345587,"year_init, Pain_prim",1,1.23382220157624,2.32552027183117,6.07276205020928,93.1034482758621,C,digoxin
C01BD01,10000,9997,108,40,0.299302940558845,0.262191030070517,1.14154530945756,0.253643068128578,0.806878616367312,2.25508556446808,"age_init, Antiplatelets, Hypertension_prim",1,1.34891820361648,2.24090234281813,9.53610922735309,89.6551724137931,C,amiodarone
C01DA02,10000,9920,1308,862,-0.0754669286590419,0.0512773582477612,-1.47173979389504,0.141091157218741,0.838644229096747,1.02535085002502,"",1,0.927310397425226,2.3132286417451,2.78807348463778,100,C,glyceryl trinitrate
C01DA14,10000,9989,353,205,0.0181972952631779,0.111946038587702,0.162554168890233,0.870869474837793,0.817738309515658,1.26821132104773,"age_diagn, year_init",1,1.01836387493969,2.26537047235986,3.55448903317706,93.1034482758621,C,isosorbide mononitrate
C03AA03,10000,10000,123,100,-0.0341832968075359,0.135308658045209,-0.252631999321985,0.800552600046809,0.741275154966172,1.25988040495675,year_init,1,0.966394351402759,2.0986098618157,3.52499988964113,96.551724137931,C,hydrochlorothiazide
C03AB01,10000,9999,163,101,-0.147689431531522,0.13587850147596,-1.08692272822608,0.277070960797074,0.660996720412201,1.12595046600425,age_init,1,0.862699000448823,1.93672174279573,3.08314588207136,96.551724137931,C,bendroflumethiazide and potassium
C03CA01,7782,7685,2252,1987,0.16325579078072,0.0391329277190734,4.17182665076063,3.02167487063185e-05,1.09041315078476,1.27119184334511,"",0.0011871846681384,1.17733780333166,2.97550315010993,3.56509907086866,100,C,furosemide
C03CA02,9634,9574,1186,900,0.336014177805834,0.0546588487608035,6.14747996753992,7.87236388474287e-10,1.25719720506768,1.55759591556941,"",6.34872788207124e-08,1.39935886450856,3.51555428821364,4.74739437815454,100,C,bumetanide
C03DA01,10000,9982,374,179,0.45165742339755,0.112949718630129,3.99874766290096,6.36785256649249e-05,1.25895252118052,1.96017705623555,"",0.00237982102176099,1.57091369810946,3.52173061641967,7.10058415656638,100,C,spironolactone
C05AA04,10000,9986,600,451,-0.123404157237583,0.0765611280470135,-1.61183828380643,0.106997134932394,0.760741844331723,1.02701126153155,"",1,0.883906353211109,2.13986307711817,2.79270667937318,100,C,prednisolone
C05BA01,10000,9997,256,184,-0.0537233657329414,0.103552125475759,-0.518805050945265,0.60389669530571,0.773614336994799,1.16094586151769,"",1,0.947694234943351,2.16758650084695,3.19295193863937,100,C,organo-heparinoid
C07AA05,10000,9992,331,190,-0.390862494663751,0.110078731393016,-3.55075398959903,0.000384129291896839,0.545194403824324,0.83936288457811,"",0.0108998072827747,0.676473168314773,1.72494368543247,2.31489165368288,100,C,propranolol
C07AB02,7541,7527,1294,1214,-0.0256884052157965,0.0483307771695192,-0.531512355485097,0.595063781656906,0.886552451904809,1.07147711455786,"",1,0.974638734645386,2.4267488795567,2.91968903153043,100,C,metoprolol
C07AB07,10000,9996,218,145,0.0647185704794698,0.118727295262094,0.545102710683347,0.585682878477857,0.845368499827515,1.34638038212628,year_init,1,1.06685873658854,2.3288358320733,3.84348836312658,96.551724137931,C,bisoprolol
C08CA01,10000,9989,653,521,-0.0658199529932329,0.077556831243697,-0.848667382843624,0.396066400656243,0.804263321608463,1.09001193203198,"",1,0.936299427025829,2.23504937961393,2.97430956190815,100,C,amlodipine
C08CA05,10000,9998,263,210,0.0336390025387754,0.111836470682166,0.300787411598278,0.763576608239975,0.830641942728521,1.28767009472042,"",1,1.03421119171666,2.2947913921822,3.62433235973937,100,C,nifedipine
C08CA13,10000,9998,190,124,-0.140555300986965,0.137317259140472,-1.02358073461968,0.306033348646187,0.663854564171767,1.13721419301484,"",1,0.868875613925155,1.9422645073475,3.11806991376233,100,C,lercanidipine
C09AA02,10000,9998,257,195,0.0948698937306206,0.103890996762041,0.913167614975501,0.361154393545338,0.896952189992287,1.34782543615372,"",1,1.09951579192178,2.45211812038875,3.84904642634877,100,C,enalapril
C09AA05,10000,9994,510,413,0.0133388677377546,0.0871824541268792,0.152999452370796,0.878398707150899,0.854246399815375,1.20227228599575,"",1,1.01342822731048,2.34960305192821,3.32766975577292,100,C,ramipril
C09CA01,10000,9998,341,274,-0.363723807043932,0.109083120725146,-3.33437294996719,0.000854919459091155,0.561287068946233,0.860772687656642,"",0.0201533384850362,0.695083145302608,1.75292718716373,2.36498738444429,100,C,losartan
C09CA03,10000,9997,219,127,-0.1708751477706,0.145448434842281,-1.17481599548247,0.240068339319169,0.633846262785914,1.12097466797079,"",1,0.842926808193312,1.88484626922408,3.06784287476467,100,C,valsartan
C09CA06,10000,9993,542,430,-0.0165762525639774,0.0804947692539574,-0.205929561853641,0.836845933292258,0.840008640199749,1.15164412596757,"",1,0.983560377530553,2.31638699074093,3.16338964753838,100,C,candesartan
C09DA01,10000,9997,140,56,-0.342828781837562,0.198322749647557,-1.72864072551843,0.0838734160295279,0.481170198484116,1.04694527777452,"Reflux_Disease, IHD_Hypertension",0.97361118335956,0.709759724913138,1.61796663693774,2.84893510695424,93.1034482758621,C,losartan and diuretics
C09DA06,10000,9995,177,74,0.0525203207895627,0.153428720953767,0.342310881972279,0.732116947081892,0.780208219790244,1.42366579091515,edu,1,1.05392397842832,2.18192653848842,4.15231409013362,96.551724137931,C,candesartan and diuretics
C10AA01,9296,9245,651,308,-0.144229253502713,0.0730427924811164,-1.97458569974581,0.0483151832081894,0.750218714151273,0.998932559211177,"",0.643125031323574,0.865689263012572,2.11746308511252,2.71538177165466,96.551724137931,C,simvastatin
C10AA05,10000,9932,1117,823,-0.43892601604599,0.0660869728092495,-6.64164202698293,3.10207632917496e-11,0.566400359099544,0.733888675965258,"age_diagn, age_init, year_init",3.39515493387465e-09,0.644728477427367,1.76191336738356,2.0831656335938,89.6551724137931,C,atorvastatin
C10AX09,10000,9988,144,6,-1.83115377578902,0.877523023290117,-2.08673017936719,0.0369125316184475,0.0286939982859234,0.894723761662304,"sex, edu, edu, age_diagn, age_init, year_init, Pain_prim, Antiplatelets, Depression, Hypertension_prim, IHD_Hypertension, Incontinence, Inflammation_Pain",0.504999517047295,0.160228593214548,1.02910963697593,2.44665983485863,55.1724137931035,C,ezetimibe
D01AC01,9608,9604,391,299,0.200655753438035,0.106647067595045,1.88149339651752,0.0599048327170349,0.991666261635825,1.50633592907945,"",0.758597911839246,1.22220395988474,2.69572251118862,4.51017488118807,100,D,clotrimazole
D01AC08,9172,9166,492,375,0.0532613441460839,0.082182535621212,0.648085919270866,0.516929380643551,0.897795050266845,1.23903909289404,"",1,1.05470525014688,2.45418578459455,3.45229453607539,100,D,ketoconazole
D01AC20,7653,7633,1511,1426,-0.0250442121342291,0.0482451292490298,-0.519103431249129,0.603688615694473,0.887272678012733,1.07198760879654,"",1,0.975266792448798,2.42849731701671,2.92117989646636,100,D,imidazoles/triazoles in combination with corticosteroids
D01AE15,9404,9401,430,369,0.04377435290313,0.0808966918987211,0.541114251716664,0.588428835623921,0.891562043419835,1.2242506658609,"",1,1.04474658425526,2.43893640191897,3.40161618041358,100,D,terbinafine
D01AE16,10000,9999,124,63,0.118056458982744,0.162146696354023,0.728084269598593,0.466562002519925,0.818939370892732,1.54628942883278,year_init,1,1.12530764329867,2.26809295594664,4.69402033165417,96.551724137931,D,amorolfine
D01BA02,10000,9994,382,257,-0.0873016480698702,0.108293475423379,-0.806157967768235,0.42015177094399,0.741149470346163,1.13309141579863,"",1,0.916400623457306,2.09834611540746,3.10524126915618,100,D,terbinafine
D02AE01,10000,9987,284,9,-1.21235429720829,0.690562896747309,-1.75560300577794,0.0791562186466145,0.0768551572003439,1.15156755956271,"sex, edu, age_diagn, age_init, year_init, Antiplatelets, Depression, Hypertension_prim, Hyperlipidemia, Anxiety, IHD_Hypertension, Epilepsy, Inflammation_Pain",0.947567645207823,0.297496060170566,1.0798856514033,3.16314744743821,55.1724137931035,D,carbamide
D05AX52,10000,9999,194,157,-0.143114427436759,0.146402775867991,-0.977539029490827,0.328302365236274,0.650470979015872,1.15468749527353,"",1,0.86665489412335,1.91644322103558,3.17303167517785,100,D,"calcipotriol, combinations"
D06AX01,10000,9991,1047,977,0.0333559364494177,0.0546698707237636,0.610133808765689,0.541773172328608,0.928862052776448,1.15085703668656,"",1,1.03391848302896,2.53162668031207,3.16090075707313,100,D,fusidic acid
D06BB03,10000,9999,144,89,-0.00498746276593021,0.187558505105735,-0.026591504144899,0.978785549575315,0.688943938489471,1.43709031130194,"",1,0.995024953975236,1.99161115837571,4.20843275557738,100,D,aciclovir
D06BB10,10000,9998,262,194,0.0709308390076151,0.113144156213285,0.626906783182908,0.530720340636008,0.859995921462239,1.34002639328049,age_init,1,1.07350697849291,2.36315105548533,3.81914430378297,96.551724137931,D,imiquimod
D06BX01,10000,9999,148,118,-0.318799692084358,0.172801775560885,-1.84488666884115,0.0650540263151002,0.518152878177687,1.02008459943521,"",0.817051635808594,0.727021162815833,1.6789236073761,2.7734293845993,100,D,metronidazole
D06BX02,8554,8552,110,51,-0.238806123979617,0.419307903202734,-0.569524500147937,0.569000248911306,0.346236049449792,1.79144447684337,"age_diagn, age_init, Anticoagulants, Steroid_Responsive_Disease",1,0.78756755803607,1.41373628810751,5.99811034332125,86.2068965517241,D,ingenol mebutate
D07AA02,7960,7957,353,309,0.0336577505878716,0.0887266638418936,0.379342005328274,0.704433910735123,0.869146733222387,1.23067009803333,"",1,1.03423058134061,2.38487505045692,3.42352286376481,100,D,hydrocortisone
D07AB02,6906,6900,1118,1085,-0.128110884525003,0.0534000482414631,-2.39907806722785,0.0164364100625303,0.792333368543899,0.976824071565915,"",0.257907100912579,0.87975582242949,2.2085437651506,2.6560075429225,100,D,hydrocortisone butyrate
D07AB08,8012,8009,315,263,-0.133414279636415,0.099809560905864,-1.33668837359424,0.181324378563375,0.719616085097126,1.0641845924874,"",1,0.875102479865339,2.05364463450012,2.89847458226569,100,D,desonide
D07AC01,7230,7222,812,745,-0.115495040121735,0.0602421265706246,-1.91718066237809,0.0552149838747726,0.791704202554648,1.00258068255203,"",0.710959958403853,0.890924991105619,2.20715466156198,2.72530591050993,100,D,betamethasone
D07AC03,8299,8298,146,114,-0.0382458697440594,0.138006050258471,-0.277131833513305,0.781678879122046,0.73437700025687,1.26142371853375,"",1,0.962476268003363,2.08418314239305,3.53044426994213,100,D,desoximetasone
D07AC13,6772,6765,1191,1149,-0.125711208458612,0.0541776895482723,-2.3203501202576,0.0203219448529354,0.79302738165924,0.980664487932209,"",0.299410538721123,0.881869486461052,2.21007705548967,2.66622732931601,100,D,mometasone
D07AC17,8342,8341,130,68,0.307658231058197,0.1118144407314,2.75150713133067,0.00593217281884862,1.09254075787723,1.69352220966576,"sex, Depression",0.110122339022605,1.36023602306002,2.98184059111734,5.43860290889057,93.1034482758621,D,fluticasone
D07AD01,7346,7343,687,656,-0.080477231523179,0.0686733356880744,-1.17188470192739,0.241243349807519,0.806481358167028,1.05561130287286,"",1,0.922675911269698,2.24001230278596,2.87373133728899,100,D,clobetasol
D07BB02,10000,9998,134,59,0.164370986501036,0.194277983442224,0.846060802097617,0.397518826157449,0.805407543838584,1.72486508708093,"age_diagn, age_init, year_init",1,1.17865149778837,2.23760823647078,5.61176387917354,89.6551724137931,D,desonide and antiseptics
D07BC01,10000,9997,475,431,-0.230002074087624,0.0917988135211453,-2.50550159926244,0.0122277845330828,0.663700395842532,0.951153609055463,"",0.203655012403072,0.794531954572731,1.94196509475404,2.58869427860455,100,D,betamethasone and antiseptics
D07CA01,10000,9997,472,421,0.0378291080274755,0.0784505516549895,0.4822032124623,0.629661594998944,0.890536536600998,1.21117306337808,"",1,1.03855373721591,2.4364365380409,3.35742081081407,100,D,hydrocortisone and antibiotics
D07XC01,10000,9999,407,378,-0.0622208496943368,0.0867820610177163,-0.716978243713693,0.473387521069382,0.792699901186629,1.11390166365048,"",1,0.939675336862341,2.20935341690626,3.04622056634011,100,D,betamethasone
D08AC01,10000,9999,140,110,0.0835464077935264,0.157794699758268,0.529462700087609,0.596484512891822,0.797937088836937,1.4811492937837,"",1,1.08713566568973,2.22095456752133,4.39799736846246,100,D,dibrompropamidine
D08AC02,10000,9999,127,84,0.666226109425136,0.182436864370133,3.65181736555984,0.000260391047145505,1.36159448140592,2.78374124081517,"",0.00797978512774487,1.94687614170907,3.90241066498656,16.1794390359351,100,D,chlorhexidine
G03CA03,6923,6524,720,3,-1.84885414573547,0.774901679298911,-2.38592094342628,0.0170364129120297,0.0344711158027356,0.718869986725728,"sex, edu, edu, edu, age_init, year_init, Pain_prim, Antiplatelets, Hypertension_prim, Hyperlipidemia, Reflux_Disease, Anxiety, IHD_Hypertension, Incontinence, Inflammation_Pain, Benign_Prostatic_Hyperplasia",0.263463501283199,0.157417440455413,1.03507213071673,2.05211298503452,44.8275862068966,G,estradiol
G03CA04,7364,7295,272,3,0.812592929632118,0.207384655798461,3.91828858554417,8.91798987745343e-05,1.50099237594439,3.38400319517214,"sex, edu, edu, edu, age_diagn, age_init, year_init, Pain_prim, Antiplatelets, Hypertension_prim, Hyperlipidemia, IHD_Hypertension, Inflammation_Pain, Benign_Prostatic_Hyperplasia",0.00325351518571789,2.25374421710292,4.48613879829802,29.4885836984638,51.7241379310345,G,estriol
G04BD07,3199,3165,355,212,0.171294046535042,0.0947804413991952,1.80727209122806,0.0707198653187383,0.985632013947958,1.42912204062286,"",0.860015014250953,1.18683968381434,2.67950483380947,4.17503207380937,100,G,tolterodine
G04BD08,2969,2905,710,539,0.0468114183783147,0.0727883604495669,0.643116812759494,0.520148305901447,0.908599254094475,1.20861367950516,"",1,1.04792437116748,2.48084506486166,3.34883886906255,100,G,solifenacin
G04BD10,3377,3363,118,46,0.0865310020122202,0.1904551686949,0.454337903272337,0.649585639087024,0.750696175271238,1.58378297508021,"edu, year_init, Reflux_Disease",1,1.09038517132819,2.11847433280514,4.87335677132908,89.6551724137931,G,darifenacin
G04BD11,2942,2856,596,430,0.0389848825054801,0.0816064462197963,0.477718174376561,0.632850806972189,0.886068681293386,1.2200972613708,year_init,1,1.03975476504438,2.42557517369256,3.387517192165,96.551724137931,G,fesoterodine
G04BD12,1762,1349,1454,1266,-0.0914780880729429,0.086953274384509,-1.05203730072803,0.29278243643443,0.76958538191486,1.08214718108963,"",1,0.912581312348083,2.15887096125148,2.95100910422921,100,G,mirabegron
G04BE03,3003,2261,809,4,1.68694296248103,0.25012550782994,6.74438595694119,1.53675538315838e-11,3.30919836917921,8.82139437072569,"sex, edu, edu, age_diagn, age_init, year_init, Antiplatelets, Depression, Hypertension_prim, Reflux_Disease, Anxiety, IHD_Hypertension, Epilepsy, Anticoagulants, Incontinence, Chronic_Airways_Disease, Inflammation_Pain, Benign_Prostatic_Hyperplasia, Osteoporosis",1.96226948627523e-09,5.40293844731662,27.3631815079478,6777.70867805159,34.4827586206897,G,sildenafil
G04BE08,3087,2074,717,2,-0.815414317298132,0.420704604015861,-1.93821106190554,0.052597477718051,0.193983885209497,1.00919355821458,"sex, edu, edu, edu, age_diagn, age_init, year_init, Pain_prim, Antiplatelets, Depression, Hypertension_prim, Hyperlipidemia, Reflux_Disease, Anxiety, IHD_Hypertension, Epilepsy, Anticoagulants, Incontinence, Inflammation_Pain",0.682995849427873,0.442455972217419,1.21407671820662,2.74338774019092,34.4827586206897,G,tadalafil
G04BE09,3346,3271,188,61,-0.51809100153554,0.245999163650368,-2.10606814205226,0.0351984336691205,0.36779097587829,0.964696726056652,"sex, age_init, Antiplatelets, Incontinence, Inflammation_Pain, Benign_Prostatic_Hyperplasia",0.492399353964818,0.595656570771252,1.44454006369683,2.62399174746688,75.8620689655172,G,vardenafil
G04CA02,5239,4991,1040,24,0.125370115061323,0.442822142924491,0.283116183471207,0.777087776290943,0.475901044234035,2.70009124463944,"edu, age_diagn, age_init, year_init, Antiplatelets, Anxiety, Anticoagulants, Incontinence",1,1.13356792599786,1.60946374236063,14.8810894825721,72.4137931034483,G,tamsulosin
G04CA52,4961,4826,557,387,0.252397676785122,0.105263362796641,2.39777326202974,0.0164950722401292,1.04716370593211,1.58203196844981,"sex, Benign_Prostatic_Hyperplasia",0.257907100912579,1.28710778840973,2.84955746256826,4.8648309578665,93.1034482758621,G,tamsulosin and dutasteride
G04CB01,6094,6024,375,156,-0.0427690013097415,0.11933560281994,-0.358392636389275,0.720049501489923,0.758310395124466,1.21061014222565,"sex, age_diagn, age_init, Depression, Benign_Prostatic_Hyperplasia",1,0.958132691902753,2.13466642898885,3.35553137947238,82.7586206896552,G,finasteride
H01BA02,2745,2722,144,40,-0.0179376801798346,0.20381493883596,-0.0880096438577142,0.929869011197894,0.658752344704257,1.46452690628168,"edu, age_diagn, year_init, Hyperlipidemia, Inflammation_Pain",1,0.982222242364489,1.93237988576495,4.32549639099198,82.7586206896552,H,desmopressin
H02AA02,497,474,174,50,0.793729180646302,0.140311043455038,5.65692593470482,1.54108225843265e-08,1.67988374033862,2.91169030231431,"year_init, IHD_Hypertension",1.07334241931351e-06,2.21162862971147,5.36493220966151,18.3878533447064,93.1034482758621,H,fludrocortisone
H02AB02,494,457,119,48,1.03378535636647,0.324937714021365,3.18148774905982,0.00146520719672873,1.48723566681609,5.31563019052448,"age_diagn, age_init",0.0330160629495657,2.81168896056309,4.42484684612664,203.492711908622,93.1034482758621,H,dexamethasone
H02AB04,501,478,109,67,1.14660640341905,0.177489849498331,6.46012381361465,1.04617349825619e-10,2.22272226639175,4.45701881790731,"",1.06867982008109e-08,3.14749344213608,9.23242982077672,86.230058027901,100,H,methylprednisolone
H02AB06,369,205,1950,1914,0.0179885528006881,0.115100273349736,0.156285925977163,0.875807649465251,0.81252886636499,1.275809581742,"",1,1.01815132134198,2.2535998395098,3.5815998345207,100,H,prednisolone
H02AB08,504,491,105,55,-0.147743303532285,0.210460105319125,-0.702001471054379,0.482678246050162,0.571073400592446,1.30310636162852,"",1,0.86265252637945,1.77016612938771,3.68071255174361,100,H,triamcinolone
H03AA01,2401,2394,231,153,-0.415854844520893,0.122877881513106,-3.38429373456066,0.000713616148030279,0.518564393676757,0.839441388329019,"",0.0176363266046911,0.659776033640214,1.67961465264045,2.31507338849398,100,H,levothyroxine sodium
J01AA02,10000,9919,1741,1414,-0.102356436906052,0.0422124664197439,-2.42479166908326,0.0153171737824857,0.831028365289084,0.980569726148824,"",0.247053031824059,0.90270773596631,2.29567832270187,2.66597468483008,100,J,doxycycline
J01CA04,10000,9877,2513,2151,0.0280146111952958,0.0370192316989694,0.756758309386406,0.449194674127245,0.956435668386501,1.10580211997425,"",1,1.02841071062139,2.60240409152121,3.02164722059865,100,J,amoxicillin
J01CA08,6234,5535,4567,3837,0.0949824993265995,0.032172567061371,2.95228227033967,0.00315434436524558,1.03244050983112,1.17121254108019,"",0.063596126635167,1.09963961052402,2.80791021189405,3.2259018064972,100,J,pivmecillinam
J01CE02,8608,8484,4506,4268,-0.278216837679085,0.0291990718773992,-9.52827674959189,1.59915626603857e-21,0.715019140339539,0.801726534717567,"",4.90067670473473e-19,0.757132628831403,2.04422580906019,2.22938672116282,100,J,phenoxymethylpenicillin
J01CF01,10000,9950,2012,1783,-0.144296403805854,0.0403959449222141,-3.57205170181585,0.000354195462099181,0.799738083156113,0.936953329292473,"",0.0102400547023329,0.865631133667858,2.22495809816641,2.55219386700629,100,J,dicloxacillin
J01DB01,10000,9995,362,269,0.153821338122306,0.0810622300606357,1.89757101435829,0.057752615743929,0.994955055393016,1.36711186865573,"",0.737438091116228,1.16628249794242,2.70460278123869,3.92400128296226,100,J,cefalexin
J01EA01,10000,9848,2251,1713,0.193927453794108,0.0371024476587895,5.2268102519152,1.72459323135572e-07,1.12885968246201,1.30557938436786,"",1.01636214882343e-05,1.21400820807211,3.09212848063957,3.68982630219225,100,J,trimethoprim
J01EE01,10000,9909,1978,1628,0.169280195603422,0.0410479948112516,4.12395773244985,3.72417264796312e-05,1.09289222998435,1.28368235433271,"",0.00142660902876415,1.18445197066755,2.9828888091119,3.60990824214255,100,J,sulfamethoxazole and trimethoprim
J01FA01,10000,9976,892,676,-0.227566487742071,0.0588803437619542,-3.86489740382789,0.000111135904591497,0.709659613923621,0.893898419869587,"",0.00387023080870949,0.7964694642807,2.0332990341613,2.44464133733413,100,J,erythromycin
J01FA09,10000,9993,338,224,-0.236917933603317,0.0919750148912994,-2.57589448485894,0.00999811514824856,0.65889858389006,0.94492453016309,"",0.170220075280538,0.78905604034659,1.93266249608996,2.57261921610904,100,J,clarithromycin
J01FA10,10000,9991,349,210,-0.421141153456032,0.114857981889954,-3.6666250488323,0.000245772758629424,0.524002585089007,0.821992797923348,age_init,0.00768551222312262,0.656297456216601,1.68877360010289,2.27502899624377,96.551724137931,J,azithromycin
J01FF01,10000,9984,853,698,-0.117310836238255,0.0599604153463013,-1.95647137466821,0.0504096513359309,0.790704395584829,1.00020944026811,"",0.660180945495585,0.889308720819399,2.20494903573165,2.71885120575718,100,J,clindamycin
J01MA02,10000,9948,1913,1685,0.0952574224563315,0.0373769136955108,2.54856308448422,0.0108167721470779,1.02224380262535,1.18354577532881,"",0.182134174894186,1.09994196844802,2.77942425191339,3.26593396469683,100,J,ciprofloxacin
J01XE01,10000,9942,1444,1142,0.155698429746094,0.0464541432072696,3.35165862496693,0.000803290050031439,1.06678556501506,1.27985511147574,"",0.0195374100533641,1.16847377301892,2.9060232477064,3.59611865149689,100,J,nitrofurantoin
J01XX05,10000,9969,822,559,0.445901229300655,0.0590967738141997,7.54527194162187,4.51344690912575e-14,1.39107062019329,1.75370164126385,"",6.91581698279012e-12,1.56189718923715,4.01915073432131,5.77594362462825,100,J,methenamine
J02AC01,10000,9992,347,211,0.254103779702408,0.103507589928468,2.45492895620519,0.0140912433694778,1.05256772501946,1.57928928795219,age_init,0.232167551155951,1.28930560107658,2.86499820895371,4.85150656150766,96.551724137931,J,fluconazole
J05AB01,10000,10000,128,108,-0.338925831383561,0.161242793777036,-2.10195955704056,0.0355568186904038,0.51946497051145,0.977364356173971,"",0.492399353964818,0.712535294886403,1.68112795600853,2.65744293064085,100,J,aciclovir
J05AB11,10000,9997,250,171,-0.0345586103012834,0.105286041634491,-0.328235440945311,0.742733652905342,0.785908064263707,1.18743823076646,"",1,0.966031718617141,2.1943986913095,3.2786712406742,100,J,valaciclovir
J05AH02,10000,9985,191,23,0.117759138258723,0.355123885016995,0.331600163286924,0.740191196264727,0.560867331916064,2.25644183417533,"sex, edu, edu, year_init, Inflammation_Pain, Osteoporosis",1,1.12497311574887,1.75219157310512,9.54905153807125,79.3103448275862,J,oseltamivir
J07AL01,10000,9996,431,324,-0.0207478003307004,0.0928467686923872,-0.223462815377457,0.823175320443782,0.816503464843813,1.17495344130209,"",1,0.979465954412565,2.2625748181569,3.23799218362848,100,J,"pneumococcus, purified polysaccharides antigen"
J07BB02,10000,9958,1183,771,-0.133036178426297,0.0639207091946463,-2.08126881103879,0.0374093082546504,0.772349225725549,0.992276093323465,year_init,0.506973989510973,0.875433419732392,2.16484599662456,2.69736694956138,96.551724137931,J,"influenza, inactivated, split virus or surface antigen"
L02AE03,578,519,123,5,0.480444498512015,0.298101038564306,1.61168341051712,0.107030849480174,0.901385007947553,2.90000307649451,"edu, edu, age_diagn, age_init, year_init, Antiplatelets, Depression, Hypertension_prim, Hyperlipidemia, Reflux_Disease, Anxiety, IHD_Hypertension, Hypothyroidism, Anticoagulants, Inflammation_Pain, Osteoporosis, Steroid_Responsive_Disease",1,1.61679290453475,2.46301204116638,18.1742012821875,41.3793103448276,L,goserelin
L02BB03,416,325,172,118,-0.103530397323157,0.141730015657529,-0.730476158087249,0.465099181265492,0.682961955139623,1.19035946018651,"sex, age_diagn, age_init, Steroid_Responsive_Disease",1,0.901648614620978,1.97973293667013,3.288262994597,86.2068965517241,L,bicalutamide
M01AB05,2022,1074,2629,1549,-0.325298264677998,0.075870486180165,-4.28754685854433,1.80657156028344e-05,0.622506203593636,0.838119284569256,"",0.000753610260043286,0.722311881389072,1.86359273688126,2.31201464369747,100,M,diclofenac
M01AB55,2899,2884,325,227,-0.140764059641288,0.122631851918881,-1.14785887547715,0.251026827592841,0.683097229683041,1.10471783948156,"",1,0.868694247552776,1.98000076225381,3.01837268304097,100,M,"diclofenac, combinations"
M01AC01,2942,2890,288,102,-0.559978176386256,0.145765409156978,-3.84163965665682,0.000122215166988477,0.429268308194332,0.760116761274033,"",0.0041511077013499,0.571221529830817,1.53613313621776,2.13852590292889,100,M,piroxicam
M01AC06,2999,2981,158,51,-0.350561498703708,0.155145502316484,-2.25956597819119,0.0238482011224124,0.519628526084299,0.954581836626609,year_init,0.348017818230489,0.704292519336339,1.68140293634108,2.59758414123313,96.551724137931,M,meloxicam
M01AE01,2322,1966,1804,1458,-0.138334652511143,0.0619833757466672,-2.23180249292216,0.0256280195033801,0.771190513581883,0.983291689958911,"",0.369394827183254,0.870807225153886,2.16233901599405,2.67324125662697,100,M,ibuprofen
M01AE02,2665,2589,832,620,-0.265417740161602,0.0838395306954265,-3.16578275140655,0.00154666260952863,0.650678118417379,0.90384691068525,"",0.0343464336841193,0.766885524170354,1.9168402330544,2.46908320749758,100,M,naproxen
M01AE52,2141,1980,1178,893,-0.343834272579535,0.0987810599697312,-3.48077123979935,0.00049997230850483,0.584241068690088,0.860512658604311,"",0.0134402160170294,0.709046426748159,1.79362922758566,2.36437249896345,100,M,naproxen and esomeprazole
M01AH01,2972,2966,226,148,-0.285315233647958,0.164675492337475,-1.73259074315231,0.0831684357313763,0.54439876989639,1.03815261354181,"age_diagn, age_init",0.972797377123967,0.751777231483426,1.72357180754124,2.82399518200825,93.1034482758621,M,celecoxib
M01AH05,2710,2634,789,592,-0.249659717485449,0.0876740748684005,-2.84758884379664,0.00440517964159359,0.656063466761776,0.92512937316779,"",0.0843740294030493,0.779065840454842,1.92719093147237,2.52219454354943,100,M,etoricoxib
M01AX05,2937,2923,253,164,-0.444761702635528,0.12828114142237,-3.46708563475543,0.000526134242674857,0.498481839906589,0.82420558358277,"",0.0138996456282104,0.640977000964639,1.64622014689535,2.28006872164109,100,M,glucosamine
M02AA10,8708,8690,844,680,-0.0991910225353062,0.073865608202784,-1.34285799506309,0.17931796004461,0.783515092609612,1.04663777695764,"",1,0.905569707279173,2.18915383534205,2.84805919176083,100,M,ketoprofen
M02AA13,9884,9880,187,71,0.00458365432377884,0.245035883636195,0.0187060533982206,0.985075599187266,0.621463652951264,1.62392354295607,"age_diagn, age_init",1,1.00459417533601,1.86165085950494,5.07295527851383,93.1034482758621,M,ibuprofen
M02AA15,7492,7438,531,225,-0.265214704640054,0.18039077941646,-1.47022317602922,0.141501319767173,0.538604288977861,1.0923646237908,"age_diagn, age_init, year_init",1,0.767041244980615,1.71361348311454,2.98131543359937,89.6551724137931,M,diclofenac
M03BX01,10000,9997,157,90,0.918816287533366,0.148740016937213,6.17733079808122,6.51943837950177e-10,1.8725314112025,3.35462960619207,"",5.87619794426374e-08,2.50632186890362,6.50474175166976,28.6349960010151,100,M,baclofen
M04AA01,10000,9980,289,92,0.165015791896828,0.188288212085968,0.876400015001925,0.380812610189339,0.815444168227515,1.70583360014883,"age_diagn, age_init, year_init",1,1.1794117437129,2.26017934928794,5.50597353508045,89.6551724137931,M,allopurinol
M04AC01,10000,9996,114,19,0.325492413660636,0.274617436755119,1.18525763515476,0.235915598251535,0.808359921771761,2.3719981453147,"age_diagn, age_init, year_init, Pain_prim, Depression, Reflux_Disease, Anxiety, Epilepsy, Chronic_Airways_Disease, Inflammation_Pain",1,1.38471232939891,2.24422426335138,10.7187885977361,65.5172413793104,M,colchicine
M05BA04,9442,9405,625,362,0.288358406810394,0.0820931714401701,3.51257481897322,0.000443787034179233,1.13593800689085,1.56714903323051,"age_diagn, age_init",0.0121428809190839,1.33423541749902,3.11409321424885,4.79296411519744,93.1034482758621,M,alendronic acid
M05BA08,9750,9743,125,60,0.625099375880549,0.227334226746792,2.74969319325943,0.00596510875717251,1.1966577696883,2.91732258515615,"sex, age_diagn, age_init, year_init, Pain_prim",0.110122339022605,1.86843162524462,3.30903885036593,18.4917111392821,82.7586206896552,M,zoledronic acid
M05BX04,8717,8693,148,30,0.578771350057306,0.319422915386899,1.81192808085254,0.0699973098233631,0.953814510441661,3.33618774053708,"sex, edu, age_diagn, age_init, Pain_prim, Epilepsy, Osteoporosis, Steroid_Responsive_Disease",0.858037936455627,1.7838453622671,2.5955917114235,28.1117528710901,72.4137931034483,M,denosumab
N01BB02,10000,9982,497,229,0.2823573233346,0.134413155544305,2.10066732077821,0.0356701799077347,1.0190923512418,1.72599253435604,"age_diagn, age_init",0.492399353964818,1.32625253630773,2.77067881915036,5.61809441506982,93.1034482758621,N,lidocaine
N02AA01,10000,9991,255,103,0.778709438354677,0.199400059912923,3.90526180731709,9.41234283118063e-05,1.47387133815551,3.22046698133064,"",0.00335401063421395,2.17865875695562,4.36610513466701,25.039810575589,100,N,morphine
N02AA05,10000,9841,1334,624,0.242650094743149,0.0793557737872478,3.0577497157761,0.00223005749133469,1.09102283410951,1.48911882638955,"",0.0474590145775395,1.27462254895061,2.97731781789343,4.43318738964838,100,N,oxycodone
N02AA55,10000,9989,289,99,0.598570277842575,0.157526246410677,3.79981299295408,0.000144805318920586,1.33619297661537,2.47766366956454,"",0.00472086748564464,1.81951553818241,3.80453195786167,11.9133982433231,100,N,oxycodone and naloxone
N02AB03,10000,9976,401,76,1.19788991913713,0.158023041925941,7.5804762681289,3.44288740678762e-14,2.43067852855924,4.51592207145652,"age_diagn, age_init",5.86159035854339e-12,3.31311859367214,11.3665920213057,91.4618615250498,93.1034482758621,N,fentanyl
N02AE01,10000,9802,1249,339,0.329445621023661,0.0915554038444154,3.59831978441714,0.000320279665128381,1.16183462253032,1.6634452695418,year_init,0.00962264232112531,1.39019721868443,3.1957909712615,5.27746183748769,96.551724137931,N,buprenorphine
N02AJ06,10000,9669,4638,3917,-0.393275894055845,0.0302290966162252,-13.0098460780584,1.07558516315281e-38,0.636020912617318,0.71603376636712,"",1.64808632682247e-35,0.674842536855548,1.88894960989312,2.04630098635873,100,N,codeine and paracetamol
N02AJ13,10000,9999,116,71,-0.829416178713706,0.273183839050104,-3.03610997487148,0.00239651936341567,0.255419837937013,0.745287154177571,"",0.0496231553651698,0.436303935504337,1.2910035193644,2.10704639529287,100,N,tramadol and paracetamol
N02AX02,10000,9696,3448,2735,-0.293973918966368,0.0339868002887178,-8.64964976017336,5.16577246589004e-18,0.697267033323093,0.796633134297315,"",1.31922592156778e-15,0.745295929278005,2.00825670204612,2.21806043105198,100,N,tramadol
N02BE01,8155,7531,6722,6128,-0.333113295503953,0.0268720318013586,-12.3962824235387,2.73731193810892e-35,0.679919064951362,0.755447431334165,"",2.09714978041413e-32,0.716688991915345,1.97371798280494,2.12856369641792,100,N,paracetamol
N03AE01,10000,9974,786,574,-0.218854160665901,0.0655806406692123,-3.33717631350688,0.000846342400732135,0.706529830753193,0.913640174807234,"",0.0201533384850362,0.803438882601454,2.02694519731616,2.49338238139489,100,N,clonazepam
N03AX12,10000,9936,1122,709,-0.373817946834873,0.0702107732138323,-5.32422489774299,1.01384409480825e-07,0.599638363091368,0.789616921983497,"",6.47284321527419e-06,0.688102171604936,1.8214599741155,2.20255251517561,100,N,gabapentin
N03AX16,10000,9951,502,224,-0.078172397559357,0.107619303637041,-0.726378957282635,0.467606487530346,0.748935542886694,1.14197310664686,"age_diagn, age_init",1,0.924804978678517,2.11474775981417,3.13294390312465,93.1034482758621,N,pregabalin
N05AA02,10000,9997,139,47,-0.271495026694255,0.1746665115145,-1.5543622205549,0.12009803953798,0.541271055628569,1.07341488217033,"age_diagn, age_init, year_init",1,0.76223907430658,1.71818938912844,2.92535219555005,89.6551724137931,N,levomepromazine
N05AB04,10000,9998,123,54,-0.288641323983698,0.201860299660343,-1.4299063484468,0.152743899721447,0.504453183544215,1.11293157593809,"age_diagn, year_init",1,0.749280906302068,1.65607970119228,3.04326689808975,93.1034482758621,N,prochlorperazine
N05AD01,10000,9997,150,88,1.10535675383206,0.149603054264831,7.38859750734321,1.48385590125376e-13,2.25272401099045,4.04941874946614,"age_diagn, age_init",2.06697011045234e-11,3.02030178086184,9.51361576565424,57.3641044369461,93.1034482758621,N,haloperidol
N05AH02,10000,9998,145,80,-0.00858929598170798,0.168160054862281,-0.0510780993068919,0.959263287429548,0.713069101189172,1.37850331351123,"",1,0.99144748663343,2.04024337291551,3.96895689574425,100,N,clozapine
N05AH03,10000,9998,146,98,0.218327257499227,0.133278220292804,1.63813154932273,0.101394254908656,0.958013648544089,1.61534372879679,"",1,1.24399410741266,2.60651387526547,5.0296164503903,100,N,olanzapine
N05AH04,10000,9888,1613,1251,0.26261432439448,0.0435754314099452,6.02666034270274,1.67382248967123e-09,1.19387945178602,1.41626142523039,"",1.28237356429729e-07,1.30032511855295,3.29985804798801,4.121682382303,100,N,quetiapine
N05AX08,10000,9996,126,43,0.216184714438465,0.256452362807082,0.842981956072251,0.399238535369738,0.750922611037753,2.05201473748003,"age_diagn, year_init",1,1.24133164970384,2.11895408547907,7.78356716400436,93.1034482758621,N,risperidone
N05BA01,10000,9951,1486,1253,-0.136167736297058,0.0457296742957181,-2.97766687373516,0.00290451483358299,0.797880652537138,0.954527121704505,"",0.0593399927440376,0.872696237375862,2.22082922860038,2.59744201850733,100,N,diazepam
N05BA04,10000,9909,2250,1971,0.0906391212796605,0.0376615019161427,2.40667834972376,0.0160983414093206,1.01696625330034,1.17874970964262,"",0.256947888985328,1.09487381729317,2.76479434232018,3.25030783280587,100,N,oxazepam
N05BB01,10000,9997,351,265,-0.0518414016958165,0.0993297326462355,-0.521912224212366,0.601731446679621,0.781512526642117,1.15354671568093,"",1,0.949479440731349,2.1847742969946,3.16941400926819,100,N,hydroxyzine
N05CD02,10000,9992,442,313,-0.0856135029601558,0.0804945050095109,-1.06359437765398,0.287512490492383,0.783973677563141,1.0748195938392,"",1,0.917948947218222,2.19015797857679,2.92946435944081,100,N,nitrazepam
N05CF01,10000,9921,3012,2782,-0.068861845698338,0.0326112034939268,-2.11160087088359,0.0347206978076842,0.875658915234637,0.995067145328954,"",0.492399353964818,0.933455632081342,2.40045647031767,2.70490595698233,100,N,zopiclone
N05CF02,10000,9993,819,743,-0.10865437147334,0.059737148649757,-1.81887441783316,0.068930591570318,0.797927904089723,1.00846390643813,"",0.851776146983374,0.897040406678713,2.22093416870873,2.74138675255366,100,N,zolpidem
N05CH01,10000,9938,1502,1186,-0.346289134305289,0.0553017684520483,-6.26180941402541,3.80535853766375e-10,0.634651906742325,0.788281783431799,"",3.64427173541822e-08,0.707307950545752,1.88636539608516,2.19961376465656,100,N,melatonin
N05CM02,10000,9988,257,114,0.632844606749598,0.119133195575961,5.31207614880178,1.08383293292042e-07,1.49085209756416,2.37819400794312,"age_diagn, age_init, year_init",6.64289653111276e-06,1.88295924681245,4.44087796856652,10.7854069052559,89.6551724137931,N,clomethiazole
N06AA09,10000,9976,614,382,-0.10816359354936,0.0756635398484562,-1.42953387808709,0.152850844895989,0.773784856975478,1.04095048066583,"",1,0.897480762356812,2.16795614917051,2.83190740880455,100,N,amitriptyline
N06AB04,10000,9995,286,190,0.0972947782942965,0.0905634324347544,1.07432741536593,0.282675961785052,0.92292593857648,1.31626192490612,"",1,1.10218522601987,2.51664317113521,3.72945430828469,100,N,citalopram
N06AB06,10000,9995,264,144,0.107230366736183,0.13249045575355,0.809344085400727,0.418317254786448,0.858605124445414,1.44326352815011,year_init,1,1.11319066704445,2.3598666765287,4.23449267758441,96.551724137931,N,sertraline
N06AB10,10000,9956,1212,987,0.125518069077389,0.0471635582215364,2.66133586630182,0.00778312769891471,1.03363239305016,1.24353352560119,"",0.138672663851167,1.13373565433273,2.81125890818721,3.46784556189512,100,N,escitalopram
N06AX03,10000,9986,902,795,-0.20294336767505,0.0595336545357991,-3.40888476035039,0.000652290282184029,0.726419805756166,0.917356101535832,"",0.0163849917451397,0.816324470469245,2.06766469914485,2.50266484342381,100,N,mianserin
N06AX11,10000,9946,1077,788,0.0486637192056085,0.0584608012836153,0.832416219708016,0.405174049945382,0.936208242620575,1.17732484497337,"",1,1.0498672411815,2.55029296962647,3.24567988189557,100,N,mirtazapine
N06AX12,10000,9998,113,47,-0.320807153295862,0.206086682876312,-1.55666124961797,0.119550933439844,0.484455533770424,1.08666711885542,"edu, age_init",1,0.725563159963258,1.62329094109535,2.96437767151288,89.6551724137931,N,bupropion
N06AX16,10000,9992,289,163,-0.178317322386861,0.125275702681399,-1.42339909950741,0.154620493387376,0.654519966384569,1.06952919076057,"",1,0.836676885054155,1.92421860602552,2.91400723543472,100,N,venlafaxine
N06DA02,10000,9988,328,173,0.389123835560258,0.0774603493703889,5.02352285683094,5.07321839091224e-07,1.26782691022359,1.71762638764628,"age_diagn, age_init",2.59117924812148e-05,1.47568728257991,3.55312291171118,5.57128867780004,93.1034482758621,N,donepezil
N06DA03,10000,9919,1439,983,0.463857138026382,0.047562898609664,9.75249935528812,1.79981569151424e-22,1.44865504345941,1.74556573456613,"",6.89450666856151e-20,1.59019577570473,4.2573846654815,5.72914173228444,100,N,rivastigmine
N06DX01,10000,9976,204,64,0.70044592887392,0.148710450197225,4.71013252898477,2.47555764254471e-06,1.50527981177176,2.69638788075563,edu,0.000118538170015156,2.01465089819738,4.50541412183802,14.8260813137328,96.551724137931,N,memantine
N07BB04,10000,9995,202,94,-0.422465929621553,0.157737284102847,-2.67828834523421,0.0073999483953982,0.481126367309123,0.892876921242446,"age_diagn, age_init",0.133396648660463,0.655428584646361,1.61789572111312,2.44214541457206,93.1034482758621,N,naltrexone
P01AB01,166,59,825,781,0.309527404569925,0.325198588792648,0.95181041750241,0.341193137812099,0.72047099776092,2.57771906979128,"Hyperlipidemia, Epilepsy",1,1.36278091788808,2.05540107199843,13.1670707124715,93.1034482758621,P,metronidazole
P01BB51,832,752,123,13,-2.14949371175698,0.447801494425346,-4.80010392666372,1.58583314008948e-06,0.0484526370885721,0.280321278479088,"age_diagn, age_init, year_init, Antiplatelets, Depression, Anxiety, IHD_Hypertension, Anticoagulants, Incontinence, Chronic_Airways_Disease, Inflammation_Pain, Benign_Prostatic_Hyperplasia",7.83846365482588e-05,0.116543147264659,1.04964565636875,1.32355497376513,58.6206896551724,P,"proguanil, combinations"
R01AD05,10000,9999,106,61,-0.376113673906895,0.215385387268135,-1.74623579936121,0.0807699865107087,0.450110902874912,1.047109936632,"",0.959390587944454,0.686524288708507,1.56848612546534,2.84940424797703,100,R,budesonide
R01AD09,10000,9994,787,712,-0.352160210561786,0.0682611503775892,-5.15901370858532,2.48254135742868e-07,0.615112804007304,0.803827315749224,"",1.35854370489709e-05,0.703167458098119,1.84986526000354,2.23407509740054,100,R,mometasone
R01AD12,10000,9999,277,231,-0.210559869483766,0.115005604507402,-1.83086615983323,0.0671205223830333,0.646639250685653,1.01495773717031,"",0.836152263738239,0.810130551603513,1.90911398204603,2.75924678133524,100,R,fluticasone furoate
R01AD58,7446,7445,134,107,-0.409654852982392,0.257999885146637,-1.58781021452611,0.112329261001646,0.400386344853434,1.10077626890508,year_init,1,0.663879346574591,1.4924011677864,3.00649896999611,96.551724137931,R,"fluticasone, combinations"
R01BA01,10000,9995,312,195,-0.208766568283603,0.129241352304183,-1.61532330451208,0.106240699458668,0.629975112646193,1.04554870853239,"",1,0.811584663134276,1.87756385108702,2.8449591488077,100,R,phenylpropanolamine
R03AC02,8106,7954,1260,877,0.0335688930862523,0.0631090976097875,0.53191844532168,0.594782481459739,0.913819084480251,1.17030038069827,"",1,1.0341386862779,2.49382851152876,3.22296060829952,100,R,salbutamol
R03AC03,10000,9998,135,73,-0.0865776905717953,0.176820471108409,-0.48963612656995,0.62439140762676,0.64847005915564,1.29690941964007,"",1,0.91706429876727,1.91261240558907,3.65797391735096,100,R,terbutaline
R03AK06,10000,9990,279,149,-0.140336561238515,0.13871449344248,-1.01169357113147,0.31168459033433,0.662183896385448,1.14058221852925,"",1,0.869065692346474,1.93902233765091,3.1285893577214,100,R,salmeterol and fluticasone
R03AK07,10000,9993,284,177,-0.320878384536551,0.13678605231671,-2.3458414005077,0.018984183648742,0.554896249435566,0.948586166790637,age_init,0.288008765862436,0.725511479039846,1.74176026678865,2.58205648023123,96.551724137931,R,formoterol and budesonide
R03BA02,10000,9998,117,52,-0.0826932829138817,0.199562019836726,-0.414373852206637,0.678600335341126,0.622614548152057,1.36130131108483,"",1,0.92063347793782,1.86379465795174,3.90126676168632,100,R,budesonide
R03BA05,10000,9999,134,80,-0.0470187656098881,0.169109326299773,-0.278037685080359,0.780983430298887,0.684910603821004,1.32900351342399,year_init,1,0.954069493726458,1.98359450184166,3.77727750522698,96.551724137931,R,fluticasone
R03BB01,10000,9958,389,116,0.354875282045949,0.134507381668374,2.63833313565562,0.00833146914431895,1.09553810025487,1.85615084586055,"",0.146736275365333,1.42600279503952,2.99079159619652,6.39905834444893,100,R,ipratropium bromide
R03BB04,10000,9984,205,45,0.315659378447269,0.220622040391048,1.43076991712963,0.152496167471096,0.889805948951537,2.11291948181408,Anxiety,1,1.37116312835992,2.43465715767332,8.27235706071115,96.551724137931,R,tiotropium bromide
R05CB01,6534,6315,2568,2104,0.358694630691291,0.0423073312783102,8.47830907441764,2.2849031740964e-17,1.31754978092622,1.55521760738161,"",4.77523126292654e-15,1.43145961099091,3.73426040258176,4.7361170270582,100,R,acetylcysteine
R05CB02,10000,9999,138,74,0.388658106641348,0.148138246265649,2.62361757641161,0.00870014104207577,1.10330749192189,1.97191220432296,Anxiety,0.151488189280172,1.47500017235312,3.01411872897526,7.18440140516669,96.551724137931,R,bromhexine
R05DA01,7253,7169,2405,2121,-0.422263118791594,0.0428450815969779,-9.85557975507225,6.48413919787548e-23,0.602758936609235,0.712989701945145,"",3.31181621543496e-20,0.655561526142124,1.82715285177646,2.04008138556499,100,R,ethylmorphine
R05DA04,10000,9999,111,69,-0.318325333698796,0.234357522819897,-1.35828937713866,0.17437187968859,0.459481022699369,1.15143267405763,year_init,1,0.727366113209484,1.58325209984207,3.16272081347113,96.551724137931,R,codeine
R05FA02,10000,9997,570,519,-0.2564496189438,0.077242302256328,-3.32006700282928,0.000899958457608318,0.665084120423324,0.900272765823095,"",0.0208936194652667,0.773793978135347,1.94465409958267,2.46027409833108,100,R,opium derivatives and expectorants
R06AD01,10000,9979,694,483,0.0152920122518811,0.0739582660386811,0.206765424217534,0.83619306008647,0.878390937316294,1.1738014096227,"",1,1.01540953335178,2.40702353700155,3.2342640619248,100,R,alimemazine
R06AE07,9210,9199,879,779,-0.115028789180598,0.0583512281913763,-1.97131736119306,0.0486875867704028,0.795014365333339,0.999337735921902,"",0.643125031323574,0.891340482575322,2.21447280821564,2.71648220402899,100,R,cetirizine
R06AX13,10000,9999,164,109,-0.381440631205358,0.160099272682828,-2.38252569679707,0.0171943318987941,0.498959953671323,0.934585818412291,"",0.263463501283199,0.682876926434678,1.64700741559437,2.54615866727732,100,R,loratadine
R06AX26,10000,10000,130,104,-0.117400217564339,0.187532170192632,-0.626027083479841,0.531297177111246,0.615723969655523,1.2842258455274,"",1,0.889229236778881,1.85099617965871,3.61187072873458,100,R,fexofenadine
R06AX27,10000,9994,347,252,-0.13788632560308,0.114596184441146,-1.20323661974885,0.228884767716966,0.695940772067121,1.09058916511454,"",1,0.871197718992565,2.00559499444014,2.97602692739746,100,R,desloratadine
S01AA01,5082,4969,3043,2797,0.0907090378514168,0.038794278943263,2.33820656865616,0.0193765349293086,1.0147818348097,1.18145227987341,"",0.291079149487667,1.0949503697931,2.75876146599821,3.25910389863475,100,S,chloramphenicol
S01AA13,7294,7255,1077,867,0.207766980159931,0.0541503255288163,3.8368556076245,0.000124619693733012,1.10697856718842,1.36875239992025,"",0.0041511077013499,1.23092630587677,3.02520412089601,3.93044401305409,100,S,fusidic acid
S01AA26,6736,6735,103,74,0.185742342585035,0.204480675521921,0.908361350582117,0.363687338553654,0.806515294969538,1.7977162370295,age_diagn,1,1.20411197202726,2.24008832293104,6.03584726773621,93.1034482758621,S,azithromycin
S01AA30,8132,8131,236,213,0.0354581857940484,0.122925604464273,0.288452401341283,0.773000460924553,0.814263242330383,1.31835921348624,"",1,1.03609432376085,2.25751182034921,3.7372842581777,100,S,combinations of different antibiotics
S01BA01,9427,9406,782,513,-0.271188100847164,0.0931085088347361,-2.91260277112279,0.00358430233387663,0.635287628219763,0.915121187723916,"",0.0704117576994845,0.762473061086606,1.88756498034209,2.49707784874994,100,S,dexamethasone
S01BA04,10000,9999,263,219,-0.114759129281119,0.118421003236748,-0.969077495920987,0.332506524908492,0.706904266272414,1.12450368798234,"",1,0.891580873770731,2.02770429970212,3.07868847958432,100,S,prednisolone
S01BC03,9946,9942,441,366,-0.0885369477540568,0.0750882196185323,-1.1791056999866,0.238356089183056,0.790011992015667,1.0603862816184,"",1,0.915269292966524,2.20342284957884,2.88748615669547,100,S,diclofenac
S01BC10,8474,8462,656,554,-0.202767864673539,0.0834909944109378,-2.42861959070133,0.0151564256409946,0.693220459675878,0.961627110392592,"age_diagn, age_init",0.247053031824059,0.816467750436683,2.00014656360183,2.61594945099101,93.1034482758621,S,nepafenac
S01BC11,7910,7908,195,141,-0.288954169203965,0.166479101046273,-1.73567833672799,0.0826207260151181,0.540507259217571,1.03804472659993,"age_diagn, age_init",0.972797377123967,0.749046534014931,1.71687754329496,2.82369052623866,93.1034482758621,S,bromfenac
S01CA01,7263,7197,1929,1754,-0.225539988111835,0.0409833200527625,-5.50321418131745,3.72928903855884e-08,0.736485434897102,0.864837062503494,"",2.48446774097961e-06,0.798085145891726,2.0885821421992,2.37461913995614,100,S,dexamethasone and antiinfectives
S01ED01,10000,9993,175,106,0.123259334012609,0.143940586202276,0.856320911736425,0.391820297408336,0.853116613610364,1.49986889189185,"",1,1.13117773577378,2.34695000178481,4.48110152307968,100,S,timolol
S01ED51,10000,9953,232,70,0.0495611157642946,0.205251749298693,0.241465010328223,0.809194731959872,0.70277048445647,1.57121177388711,"age_diagn, age_init, year_init, Inflammation_Pain",1,1.05080981129715,2.0193395135519,4.81247629499819,86.2068965517241,S,"timolol, combinations"
S01EE01,10000,9984,209,112,-0.083797721625962,0.145871414112985,-0.574462941457855,0.565654571082572,0.690941278242465,1.22397651450412,"age_diagn, age_init",1,0.919617255965889,1.99559305779407,3.40068375054178,93.1034482758621,S,latanoprost
S01GX02,10000,9997,272,188,0.0182562446812366,0.110466382560429,0.165265162650274,0.868735277911716,0.820161598630204,1.26461329020614,"",1,1.01842390866695,2.27086677684368,3.54172285233818,100,S,levocabastine
S01GX09,10000,9998,150,43,0.119421796229419,0.135076627926541,0.884104067909987,0.37664003747112,0.864742478009285,1.4683908217622,"sex, edu, age_init, Anticoagulants, Glaucoma",1,1.1268451170843,2.37439454842745,4.34224207457689,82.7586206896552,S,olopatadine
S01XA20,8429,8378,1584,1359,-0.00243965259829613,0.0489600969320528,-0.0498294070308295,0.960258332363079,0.906286607392713,1.09803297451202,"",1,0.997563320935483,2.47511437578856,2.99826256084187,100,S,artificial tears and other indifferent preparations
S03CA01,10000,9998,155,84,-0.167937771918619,0.14959699688681,-1.12260122471367,0.261606895014479,0.630562817047801,1.13345099215737,"",1,0.84540644106866,1.87866762794209,3.10635804127515,100,S,dexamethasone and antiinfectives
S03CA04,10000,9989,592,436,0.037462008016406,0.0768776220441952,0.487294052811232,0.626049961662543,0.892958329750881,1.20700173364518,"",1,1.03817255409793,2.44234423408033,3.34344507053535,100,S,hydrocortisone and antiinfectives
V08AA01,80,18,272,237,-0.573165575769742,0.41361604292505,-1.38574309573772,0.165825363743583,0.250614814203106,1.2680838375758,"age_init, Pain_prim, Hyperlipidemia, Anxiety, Epilepsy",1,0.563738055614504,1.28481509647937,3.55403592345679,82.7586206896552,V,diatrizoic acid
V08BA01,167,139,178,142,-0.349071488260037,0.21293465590199,-1.63933619345039,0.101143262204598,0.464675602962371,1.07065731010004,"",1,0.705342704744867,1.59149782795787,2.91729643831023,100,V,barium sulfate with suspending agents
